{
  "Flight_data": {
    "Premade": {
      "Burn_distance": "100",
      "Coast_distance": "150",
      "Max_distance": "250",
      "i": "1",
      "w": "2",
      "t": "3"
    },
    "test": {
      "Burn_distance": "-36.7875",
      "Coast_distance": "30.656250000000007",
      "Max_distance": -6.131249999999994,
      "i": 1.0,
      "w": 2.0,
      "t": 3.0
    },
    "test2": {
      "Burn_distance": "-29.43",
      "Coast_distance": "19.62",
      "Max_distance": -9.809999999999999,
      "i": 3.0,
      "w": 3.0,
      "t": 3.0
    },
    "Eric": {
      "Burn_distance": -36.7875,
      "Coast_distance": 30.656250000000007,
      "Max_distance": -6.131249999999994,
      "i": 1.0,
      "w": 2.0,
      "t": 3.0
    },
    "rrdrdrd": {
      "Burn_distance": -36.7875,
      "Coast_distance": 30.656250000000007,
      "Max_distance": -6.131249999999994,
      "i": 1.0,
      "w": 2.0,
      "t": 3.0
    },
    "a": {
      "Burn_distance": -36.7875,
      "Coast_distance": 30.656250000000007,
      "Max_distance": -6.131249999999994,
      "i": 1.0,
      "w": 2.0,
      "t": 3.0
    },
    "b": {
      "Burn_distance": -36.7875,
      "Coast_distance": 30.656250000000007,
      "Max_distance": -6.131249999999994,
      "i": 1.0,
      "w": 2.0,
      "t": 3.0
    },
    "c": {
      "Burn_distance": -36.7875,
      "Coast_distance": 30.656250000000007,
      "Max_distance": -6.131249999999994,
      "i": 1.0,
      "w": 2.0,
      "t": 3.0
    },
    "d": {
      "Burn_distance": -36.7875,
      "Coast_distance": 30.656250000000007,
      "Max_distance": -6.131249999999994,
      "i": 1.0,
      "w": 2.0,
      "t": 3.0
    },
    "f": {
      "Burn_distance": -36.7875,
      "Coast_distance": 30.656250000000007,
      "Max_distance": -6.131249999999994,
      "i": 1.0,
      "w": 2.0,
      "t": 3.0
    },
    "g": {
      "Burn_distance": -36.7875,
      "Coast_distance": 30.656250000000007,
      "Max_distance": -6.131249999999994,
      "i": 1.0,
      "w": 2.0,
      "t": 3.0
    },
    "h": {
      "Burn_distance": -36.7875,
      "Coast_distance": 30.656250000000007,
      "Max_distance": -6.131249999999994,
      "i": 1.0,
      "w": 2.0,
      "t": 3.0
    },
    "j": {
      "Burn_distance": -36.7875,
      "Coast_distance": 30.656250000000007,
      "Max_distance": -6.131249999999994,
      "i": 1.0,
      "w": 2.0,
      "t": 3.0
    },
    "k": {
      "Burn_distance": -36.7875,
      "Coast_distance": 30.656250000000007,
      "Max_distance": -6.131249999999994,
      "i": 1.0,
      "w": 2.0,
      "t": 3.0
    },
    "l": {
      "Burn_distance": -36.7875,
      "Coast_distance": 30.656250000000007,
      "Max_distance": -6.131249999999994,
      "i": 1.0,
      "w": 2.0,
      "t": 3.0
    },
    "Index": {
      "Index_no": 16,
      "1": "Premade",
      "2": "test",
      "3": "test2",
      "4": "test2",
      "5": "Eric",
      "6": "rrdrdrd",
      "7": "a",
      "8": "b",
      "9": "c",
      "10": "d",
      "11": "f",
      "12": "g",
      "13": "h",
      "14": "j",
      "15": "k",
      "16": "l"
    }
  }
}