{"d_b158": 20.720938515901064, "d_c158": 34.19320949443744, "d_m158": 54.91414801033851}